system,scene_id,scale,status
PhysGaussian,a1a_conservation_inplace_v1,0.5,FAIL
PhysGaussian,a1b_conservation_drifting_v1,0.5,PASS
PhysGaussian,a2_beam_frequency_v1,0.5,PASS
PhysGaussian,a3_wavespeed_v1,0.5,FAIL
PhysGaussian,a5_stiffness_v1,0.5,PASS
PhysGaussian,c1_covariance_v1,0.5,PASS
PhysGaussian,c2_blobhealth_shear_v1,0.5,INVALID
PhysGaussian,c3_roundtrip_v1,0.5,FAIL
PhysGaussian,c4_captured_frequency_v1,0.5,PASS
PhysGaussian,m1_material_validation_v1,0.5,PASS
PhysGaussian,a1a_conservation_inplace_v1,0.75,FAIL
PhysGaussian,a1b_conservation_drifting_v1,0.75,PASS
PhysGaussian,a2_beam_frequency_v1,0.75,PASS
PhysGaussian,a3_wavespeed_v1,0.75,PASS
PhysGaussian,a5_stiffness_v1,0.75,PASS
PhysGaussian,c1_covariance_v1,0.75,PASS
PhysGaussian,c2_blobhealth_shear_v1,0.75,INVALID
PhysGaussian,c3_roundtrip_v1,0.75,FAIL
PhysGaussian,c4_captured_frequency_v1,0.75,PASS
PhysGaussian,m1_material_validation_v1,0.75,PASS
PhysGaussian,a1a_conservation_inplace_v1,1.0,FAIL
PhysGaussian,a1b_conservation_drifting_v1,1.0,PASS
PhysGaussian,a2_beam_frequency_v1,1.0,PASS
PhysGaussian,a3_wavespeed_v1,1.0,PASS
PhysGaussian,a5_stiffness_v1,1.0,PASS
PhysGaussian,c1_covariance_v1,1.0,PASS
PhysGaussian,c2_blobhealth_shear_v1,1.0,INVALID
PhysGaussian,c3_roundtrip_v1,1.0,FAIL
PhysGaussian,c4_captured_frequency_v1,1.0,PASS
PhysGaussian,m1_material_validation_v1,1.0,PASS
PhysGaussian,a1a_conservation_inplace_v1,1.25,FAIL
PhysGaussian,a1b_conservation_drifting_v1,1.25,PASS
PhysGaussian,a2_beam_frequency_v1,1.25,PASS
PhysGaussian,a3_wavespeed_v1,1.25,PASS
PhysGaussian,a5_stiffness_v1,1.25,PASS
PhysGaussian,c1_covariance_v1,1.25,PASS
PhysGaussian,c2_blobhealth_shear_v1,1.25,INVALID
PhysGaussian,c3_roundtrip_v1,1.25,FAIL
PhysGaussian,c4_captured_frequency_v1,1.25,PASS
PhysGaussian,m1_material_validation_v1,1.25,PASS
PhysGaussian,a1a_conservation_inplace_v1,2.0,FAIL
PhysGaussian,a1b_conservation_drifting_v1,2.0,PASS
PhysGaussian,a2_beam_frequency_v1,2.0,PASS
PhysGaussian,a3_wavespeed_v1,2.0,PASS
PhysGaussian,a5_stiffness_v1,2.0,PASS
PhysGaussian,c1_covariance_v1,2.0,PASS
PhysGaussian,c2_blobhealth_shear_v1,2.0,INVALID
PhysGaussian,c3_roundtrip_v1,2.0,FAIL
PhysGaussian,c4_captured_frequency_v1,2.0,PASS
PhysGaussian,m1_material_validation_v1,2.0,PASS
GaussianFluent,a1a_conservation_inplace_v1,0.5,FAIL
GaussianFluent,a1b_conservation_drifting_v1,0.5,FAIL
GaussianFluent,a2_beam_frequency_v1,0.5,FAIL
GaussianFluent,a3_wavespeed_v1,0.5,FAIL
GaussianFluent,a5_stiffness_v1,0.5,PASS
GaussianFluent,c1_covariance_v1,0.5,PASS
GaussianFluent,c2_blobhealth_shear_v1,0.5,INVALID
GaussianFluent,a1a_conservation_inplace_v1,0.75,FAIL
GaussianFluent,a1b_conservation_drifting_v1,0.75,FAIL
GaussianFluent,a2_beam_frequency_v1,0.75,FAIL
GaussianFluent,a3_wavespeed_v1,0.75,FAIL
GaussianFluent,a5_stiffness_v1,0.75,PASS
GaussianFluent,c1_covariance_v1,0.75,PASS
GaussianFluent,c2_blobhealth_shear_v1,0.75,INVALID
GaussianFluent,a1a_conservation_inplace_v1,1.0,FAIL
GaussianFluent,a1b_conservation_drifting_v1,1.0,FAIL
GaussianFluent,a2_beam_frequency_v1,1.0,FAIL
GaussianFluent,a3_wavespeed_v1,1.0,FAIL
GaussianFluent,a5_stiffness_v1,1.0,PASS
GaussianFluent,c1_covariance_v1,1.0,PASS
GaussianFluent,c2_blobhealth_shear_v1,1.0,INVALID
GaussianFluent,a1a_conservation_inplace_v1,1.25,FAIL
GaussianFluent,a1b_conservation_drifting_v1,1.25,FAIL
GaussianFluent,a2_beam_frequency_v1,1.25,FAIL
GaussianFluent,a3_wavespeed_v1,1.25,FAIL
GaussianFluent,a5_stiffness_v1,1.25,PASS
GaussianFluent,c1_covariance_v1,1.25,PASS
GaussianFluent,c2_blobhealth_shear_v1,1.25,INVALID
GaussianFluent,a1a_conservation_inplace_v1,2.0,FAIL
GaussianFluent,a1b_conservation_drifting_v1,2.0,FAIL
GaussianFluent,a2_beam_frequency_v1,2.0,FAIL
GaussianFluent,a3_wavespeed_v1,2.0,FAIL
GaussianFluent,a5_stiffness_v1,2.0,PASS
GaussianFluent,c1_covariance_v1,2.0,PASS
GaussianFluent,c2_blobhealth_shear_v1,2.0,INVALID
OmniPhysGS,a1a_conservation_inplace_v1,0.5,FAIL
OmniPhysGS,a2_beam_frequency_v1,0.5,FAIL
OmniPhysGS,a3_wavespeed_v1,0.5,FAIL
OmniPhysGS,a5_stiffness_v1,0.5,FAIL
OmniPhysGS,b1_bimaterial_bar_v1,0.5,FAIL
OmniPhysGS,c1_covariance_v1,0.5,FAIL
OmniPhysGS,c2_blobhealth_shear_v1,0.5,INVALID
OmniPhysGS,c4_captured_frequency_v1,0.5,PASS
OmniPhysGS,a1a_conservation_inplace_v1,0.75,FAIL
OmniPhysGS,a2_beam_frequency_v1,0.75,FAIL
OmniPhysGS,a3_wavespeed_v1,0.75,PASS
OmniPhysGS,a5_stiffness_v1,0.75,FAIL
OmniPhysGS,b1_bimaterial_bar_v1,0.75,FAIL
OmniPhysGS,c1_covariance_v1,0.75,FAIL
OmniPhysGS,c2_blobhealth_shear_v1,0.75,INVALID
OmniPhysGS,c4_captured_frequency_v1,0.75,PASS
OmniPhysGS,a1a_conservation_inplace_v1,1.0,FAIL
OmniPhysGS,a2_beam_frequency_v1,1.0,PASS
OmniPhysGS,a3_wavespeed_v1,1.0,PASS
OmniPhysGS,a5_stiffness_v1,1.0,PASS
OmniPhysGS,b1_bimaterial_bar_v1,1.0,FAIL
OmniPhysGS,c1_covariance_v1,1.0,FAIL
OmniPhysGS,c2_blobhealth_shear_v1,1.0,INVALID
OmniPhysGS,c4_captured_frequency_v1,1.0,PASS
OmniPhysGS,a1a_conservation_inplace_v1,1.25,FAIL
OmniPhysGS,a2_beam_frequency_v1,1.25,PASS
OmniPhysGS,a3_wavespeed_v1,1.25,PASS
OmniPhysGS,a5_stiffness_v1,1.25,PASS
OmniPhysGS,b1_bimaterial_bar_v1,1.25,FAIL
OmniPhysGS,c1_covariance_v1,1.25,FAIL
OmniPhysGS,c2_blobhealth_shear_v1,1.25,INVALID
OmniPhysGS,c4_captured_frequency_v1,1.25,PASS
OmniPhysGS,a1a_conservation_inplace_v1,2.0,FAIL
OmniPhysGS,a2_beam_frequency_v1,2.0,PASS
OmniPhysGS,a3_wavespeed_v1,2.0,PASS
OmniPhysGS,a5_stiffness_v1,2.0,PASS
OmniPhysGS,b1_bimaterial_bar_v1,2.0,FAIL
OmniPhysGS,c1_covariance_v1,2.0,FAIL
OmniPhysGS,c2_blobhealth_shear_v1,2.0,INVALID
OmniPhysGS,c4_captured_frequency_v1,2.0,PASS
PhysDreamer,a1a_conservation_inplace_v1,0.5,FAIL
PhysDreamer,a2_beam_frequency_v1,0.5,INVALID
PhysDreamer,a3_wavespeed_v1,0.5,FAIL
PhysDreamer,a5_stiffness_v1,0.5,FAIL
PhysDreamer,b1_bimaterial_bar_v1,0.5,FAIL
PhysDreamer,c1_covariance_v1,0.5,FAIL
PhysDreamer,c2_blobhealth_shear_v1,0.5,INVALID
PhysDreamer,c4_captured_frequency_v1,0.5,INVALID
PhysDreamer,a1a_conservation_inplace_v1,0.75,FAIL
PhysDreamer,a2_beam_frequency_v1,0.75,INVALID
PhysDreamer,a3_wavespeed_v1,0.75,PASS
PhysDreamer,a5_stiffness_v1,0.75,FAIL
PhysDreamer,b1_bimaterial_bar_v1,0.75,FAIL
PhysDreamer,c1_covariance_v1,0.75,FAIL
PhysDreamer,c2_blobhealth_shear_v1,0.75,INVALID
PhysDreamer,c4_captured_frequency_v1,0.75,INVALID
PhysDreamer,a1a_conservation_inplace_v1,1.0,FAIL
PhysDreamer,a2_beam_frequency_v1,1.0,INVALID
PhysDreamer,a3_wavespeed_v1,1.0,PASS
PhysDreamer,a5_stiffness_v1,1.0,FAIL
PhysDreamer,b1_bimaterial_bar_v1,1.0,FAIL
PhysDreamer,c1_covariance_v1,1.0,FAIL
PhysDreamer,c2_blobhealth_shear_v1,1.0,INVALID
PhysDreamer,c4_captured_frequency_v1,1.0,INVALID
PhysDreamer,a1a_conservation_inplace_v1,1.25,FAIL
PhysDreamer,a2_beam_frequency_v1,1.25,INVALID
PhysDreamer,a3_wavespeed_v1,1.25,PASS
PhysDreamer,a5_stiffness_v1,1.25,FAIL
PhysDreamer,b1_bimaterial_bar_v1,1.25,FAIL
PhysDreamer,c1_covariance_v1,1.25,FAIL
PhysDreamer,c2_blobhealth_shear_v1,1.25,INVALID
PhysDreamer,c4_captured_frequency_v1,1.25,INVALID
PhysDreamer,a1a_conservation_inplace_v1,2.0,FAIL
PhysDreamer,a2_beam_frequency_v1,2.0,INVALID
PhysDreamer,a3_wavespeed_v1,2.0,PASS
PhysDreamer,a5_stiffness_v1,2.0,FAIL
PhysDreamer,b1_bimaterial_bar_v1,2.0,FAIL
PhysDreamer,c1_covariance_v1,2.0,FAIL
PhysDreamer,c2_blobhealth_shear_v1,2.0,INVALID
PhysDreamer,c4_captured_frequency_v1,2.0,INVALID
Physics3D,a1a_conservation_inplace_v1,0.5,FAIL
Physics3D,a1b_conservation_drifting_v1,0.5,PASS
Physics3D,a2_beam_frequency_v1,0.5,PASS
Physics3D,a3_wavespeed_v1,0.5,FAIL
Physics3D,a5_stiffness_v1,0.5,PASS
Physics3D,a6_freefall_v1,0.5,FAIL
Physics3D,c1_covariance_v1,0.5,PASS
Physics3D,c2_blobhealth_shear_v1,0.5,INVALID
Physics3D,c4_captured_frequency_v1,0.5,PASS
Physics3D,a1a_conservation_inplace_v1,0.75,FAIL
Physics3D,a1b_conservation_drifting_v1,0.75,PASS
Physics3D,a2_beam_frequency_v1,0.75,PASS
Physics3D,a3_wavespeed_v1,0.75,PASS
Physics3D,a5_stiffness_v1,0.75,PASS
Physics3D,a6_freefall_v1,0.75,FAIL
Physics3D,c1_covariance_v1,0.75,PASS
Physics3D,c2_blobhealth_shear_v1,0.75,INVALID
Physics3D,c4_captured_frequency_v1,0.75,PASS
Physics3D,a1a_conservation_inplace_v1,1.0,FAIL
Physics3D,a1b_conservation_drifting_v1,1.0,PASS
Physics3D,a2_beam_frequency_v1,1.0,PASS
Physics3D,a3_wavespeed_v1,1.0,PASS
Physics3D,a5_stiffness_v1,1.0,PASS
Physics3D,a6_freefall_v1,1.0,PASS
Physics3D,c1_covariance_v1,1.0,PASS
Physics3D,c2_blobhealth_shear_v1,1.0,INVALID
Physics3D,c4_captured_frequency_v1,1.0,PASS
Physics3D,a1a_conservation_inplace_v1,1.25,FAIL
Physics3D,a1b_conservation_drifting_v1,1.25,PASS
Physics3D,a2_beam_frequency_v1,1.25,PASS
Physics3D,a3_wavespeed_v1,1.25,PASS
Physics3D,a5_stiffness_v1,1.25,PASS
Physics3D,a6_freefall_v1,1.25,PASS
Physics3D,c1_covariance_v1,1.25,PASS
Physics3D,c2_blobhealth_shear_v1,1.25,INVALID
Physics3D,c4_captured_frequency_v1,1.25,PASS
Physics3D,a1a_conservation_inplace_v1,2.0,FAIL
Physics3D,a1b_conservation_drifting_v1,2.0,PASS
Physics3D,a2_beam_frequency_v1,2.0,PASS
Physics3D,a3_wavespeed_v1,2.0,PASS
Physics3D,a5_stiffness_v1,2.0,PASS
Physics3D,a6_freefall_v1,2.0,PASS
Physics3D,c1_covariance_v1,2.0,PASS
Physics3D,c2_blobhealth_shear_v1,2.0,INVALID
Physics3D,c4_captured_frequency_v1,2.0,PASS
GASP,a6_freefall_v1,0.5,PASS
GASP,c5_triangle_shape_transport_v1,0.5,PASS
GASP,c6_rigid_transport_v1,0.5,PASS
GASP,c7_supported_settle_v1,0.5,FAIL
GASP,c8_impact_recovery_v1,0.5,PASS
GASP,a6_freefall_v1,0.75,PASS
GASP,c5_triangle_shape_transport_v1,0.75,PASS
GASP,c6_rigid_transport_v1,0.75,PASS
GASP,c7_supported_settle_v1,0.75,PASS
GASP,c8_impact_recovery_v1,0.75,PASS
GASP,a6_freefall_v1,1.0,PASS
GASP,c5_triangle_shape_transport_v1,1.0,PASS
GASP,c6_rigid_transport_v1,1.0,PASS
GASP,c7_supported_settle_v1,1.0,PASS
GASP,c8_impact_recovery_v1,1.0,PASS
GASP,a6_freefall_v1,1.25,PASS
GASP,c5_triangle_shape_transport_v1,1.25,PASS
GASP,c6_rigid_transport_v1,1.25,PASS
GASP,c7_supported_settle_v1,1.25,PASS
GASP,c8_impact_recovery_v1,1.25,PASS
GASP,a6_freefall_v1,2.0,PASS
GASP,c5_triangle_shape_transport_v1,2.0,PASS
GASP,c6_rigid_transport_v1,2.0,PASS
GASP,c7_supported_settle_v1,2.0,PASS
GASP,c8_impact_recovery_v1,2.0,PASS
