frame,source_frame,com_x,com_y,com_z,bbox_volume,edge_rel_error_median,edge_rel_error_p95,area_rel_error_median,area_rel_error_p95,nonfinite_fraction,triangle_count
0,0,0.08997053340700661,-0.4931600272819411,0.6536027347578162,106.31476054819548,0.0,0.0,0.0,0.0,0.0,448606
1,1,0.08997053374448692,-0.4993945653433567,0.6536027345856663,106.31477639033025,0.0,0.0,0.0,0.0,0.0,448606
2,2,0.08997053393194604,-0.5177330430594975,0.6536027347940584,106.31479223246505,0.0,0.0,0.0,0.0,0.0,448606
3,3,0.08997053371997717,-0.5481768199068666,0.6536027351608873,106.31475262712807,0.0,3.3431241004799865e-06,0.0,1.52931680169055e-05,0.0,448606
4,4,0.08997053365829881,-0.5907231763849122,0.6536027352921425,106.31476054819548,0.0,4.970668548787112e-06,0.0,1.9277635723763398e-05,0.0,448606
5,5,0.089970533388961,-0.6453727640516329,0.6536027354944126,106.31476846926286,0.0,8.43311401523826e-06,0.0,2.508549825913642e-05,0.0,448606
6,6,0.08997053379377574,-0.7121262820566056,0.6536027351021163,106.31476846926286,0.0,1.474644993734175e-05,0.0,3.397135364566206e-05,0.0,448606
7,7,0.08997053485227341,-0.7909836580770955,0.6536027348303004,106.31476054819548,0.0,1.999529750391634e-05,0.0,4.128719102372558e-05,0.0,448606
8,8,0.08997053631181512,-0.881944448372848,0.6536027354606193,106.31475262712807,0.0,3.369376306894819e-05,0.0,7.740764889357932e-05,0.0,448606
9,9,0.08997053662963374,-0.9850089384761025,0.6536027360610629,106.31474470606068,0.0,3.5128394831751535e-05,0.0,7.99277736705517e-05,0.0,448606
10,10,0.08997053693667886,-1.100176853154049,0.6536027362939428,106.31475262712807,0.0,3.866997162272892e-05,0.0,9.27516325455735e-05,0.0,448606
11,11,0.08997053689250749,-1.2274489276212224,0.653602736301779,106.31476054819548,0.0,4.872772426112718e-05,0.0,0.0001433495311077282,0.0,448606
12,12,0.0899705366094334,-1.366824798709656,0.6536027387877918,106.31473678499329,0.0,4.923432423264972e-05,0.0,0.00014351806141849055,0.0,448606
13,13,0.08997053653752021,-1.5183045643060447,0.6536027411640987,106.31473678499329,0.0,5.851914644943719e-05,0.0,0.00019998293510817278,0.0,448606
14,14,0.08997053481833685,-1.6818879899680548,0.6536027429867339,106.31475262712807,0.0,6.334408738239424e-05,0.0,0.0002227781170308918,0.0,448606
15,15,0.08997053266174883,-1.8575753786366898,0.6536027414542804,106.31474470606068,0.0,7.060847788110663e-05,4.6229201328129577e-07,0.00026500039034071943,0.0,448606
16,16,0.0899705341374508,-2.045367003951355,0.6536027436449691,106.31474470606068,0.0,7.926227381947472e-05,1.3063718751760156e-06,0.0003137413137943579,0.0,448606
17,17,0.08997053339838781,-2.2452621491529596,0.6536027426904302,106.31473678499329,0.0,7.954318948620855e-05,1.6932720689477598e-06,0.00031458881536094996,0.0,448606
18,18,0.08997053435561445,-2.4572611859664377,0.653602749553657,106.31475262712807,0.0,8.640603468082483e-05,2.06304095112797e-06,0.00034742121718192576,0.0,448606
19,19,0.0899705361757995,-2.6813643392972093,0.6536027492284575,106.31476846926286,0.0,8.705737104464071e-05,2.3698506131375474e-06,0.00034997789850793604,0.0,448606
20,20,0.08997053372859597,-2.91757118185435,0.6536027568508097,106.31473678499329,0.0,9.398035826112489e-05,2.7633412269523205e-06,0.00038029980306214517,0.0,448606
21,21,0.0899705322784811,-3.165882576542286,0.6536027593968177,106.31476054819548,0.0,9.555501138586715e-05,2.9865726321465225e-06,0.0003876976515160835,0.0,448606
22,22,0.08997053851257453,-3.4262968242413008,0.6536027582880051,106.31473678499329,0.0,0.00010370361366092704,3.5972664460537374e-06,0.0004176134687255417,0.0,448606
23,23,0.08997053830195234,-3.6988158196865557,0.653602759205812,106.31477242979655,3.8445257088959295e-07,0.0001135031533128434,4.2965084097179584e-06,0.00045048476881720534,0.0,448606
24,24,0.08997053959773664,-3.9834381978759086,0.653602764438144,106.31476054819548,6.558249730503896e-07,0.00010630700709594006,4.52655724347828e-06,0.000401793538619577,0.0,448606
25,25,0.08997054446574858,-4.280164945459687,0.6536027680836592,106.31475262712807,1.2536791310635564e-06,0.00011111846012604164,5.384214911585694e-06,0.0004096223894214934,0.0,448606
26,26,0.0899705453524087,-4.588995414658827,0.6536027693707438,106.31475658766178,1.646371007746339e-06,0.00011615675557247148,5.985176415757021e-06,0.00042092254658815387,0.0,448606
27,27,0.0899705458749241,-4.9099297191997255,0.6536027704979225,106.31476450872917,1.9144605195586806e-06,0.00011974707705932328,6.405766585559913e-06,0.0004290408848135474,0.0,448606
28,28,0.08997054533059234,-5.242968127726735,0.653602770140154,106.31477639033025,2.1568816532813173e-06,0.0001210100827674694,6.776183039958195e-06,0.0004243761730602924,0.0,448606
29,29,0.08997054669317242,-5.588110387347412,0.6536027697204313,106.31478431139764,2.457706570146989e-06,0.00011853343434654598,7.084935238932388e-06,0.00039355174450728114,0.0,448606
30,30,0.08997055129157719,-5.945356560837899,0.6536027736766983,106.31479025219821,2.7328035808737994e-06,0.00011785175260574643,7.4257087586127035e-06,0.000382514825042507,0.0,448606
31,31,0.08997002894640865,-6.310519517206423,0.6535930468235053,103.99878500190304,1.8586473065518305e-05,0.011939498366907676,3.409541734628041e-05,0.029413711756109545,0.0,448606
32,32,0.08995793130676154,-6.613649134308781,0.6535314523110206,97.77386533157822,0.0008425776234909921,0.058158842223909386,0.0016700487434919697,0.283162086088859,0.0,448606
33,33,0.08992272159750701,-6.798053696110463,0.6534743342841809,89.02040957369192,0.004138283785198704,0.09525731654759098,0.016465214427571262,0.2961447830796209,0.0,448606
34,34,0.08990205403319589,-6.871555582705168,0.6535253890623672,83.338242130829,0.007150154103017392,0.09524516106168113,0.01519805245873268,0.29808565098567563,0.0,448606
35,35,0.08990646165009027,-6.883539692209354,0.6536604864108239,79.09973217169846,0.010910345620424311,0.08904935391605501,0.015363371650576552,0.2787559156737149,0.0,448606
36,36,0.08992494280234996,-6.866364489469254,0.6538953107200237,73.97840950249777,0.013864837708250644,0.08480417903731963,0.01374858722026856,0.2603658449717935,0.0,448606
37,37,0.08996516950372305,-6.843316175304696,0.6540936657758862,65.48943949811299,0.016554763241970083,0.08440271554096533,0.014358339839028678,0.2596243861884226,0.0,448606
38,38,0.08999872992977884,-6.8244285490714205,0.6541848992900509,53.298361919657985,0.018511221219071006,0.08402311949146034,0.01623996675023509,0.2837075008900159,0.0,448606
39,39,0.09000476455590277,-6.814041978638531,0.6541980384667982,42.255898282761365,0.019268784631391256,0.08576989280159188,0.018554482858372134,0.309151811640453,0.0,448606
40,40,0.08999586015782542,-6.8126149494971555,0.6541911449824571,47.263751483023476,0.019290439320196362,0.08605576239754746,0.01850806721289988,0.30056790026927305,0.0,448606
41,41,0.08998181210666688,-6.8163383260921835,0.6541910436874784,50.83160581586323,0.01880339345142301,0.08316249208981512,0.017609285592119717,0.2652543567845599,0.0,448606
42,42,0.08997126401495877,-6.819937274571467,0.6541828260367331,54.748818249430165,0.017436404976342246,0.08120471507186013,0.0170650699792938,0.22391172946175383,0.0,448606
43,43,0.08998020418029193,-6.8187641999499125,0.6541767790713162,60.60072607247601,0.015733471422645473,0.07984787881347989,0.016611740482492254,0.18531861444491474,0.0,448606
44,44,0.08999813794758373,-6.809654512358601,0.6541792971352947,68.6227148732472,0.014025494262685512,0.0775415224265679,0.015407147703935142,0.15209072322731504,0.0,448606
45,45,0.09000906003291433,-6.7923174562435,0.6541855775770262,75.77140696628625,0.012316459098651533,0.07474081954154657,0.01368541863347883,0.1275847825294943,0.0,448606
46,46,0.09001523448711934,-6.768546178428553,0.6541874546236502,79.93672060000749,0.011053005343389044,0.0718155793933642,0.012201935205797154,0.10712030741642314,0.0,448606
47,47,0.09003089287414903,-6.739790700045739,0.6541873932944117,80.13896759018601,0.010830192977127673,0.06921463928588163,0.011590224352089618,0.09246737602281535,0.0,448606
48,48,0.09005645753349706,-6.707987374089584,0.6541861223791738,80.164471007159,0.011268004302271817,0.06662310631717352,0.011491885143049996,0.08207038568874536,0.0,448606
49,49,0.09008451716127715,-6.675744670671477,0.6541795170950171,81.1138526470942,0.012095199360155462,0.06440469431055741,0.011804437854305405,0.07449526053738867,0.0,448606
50,50,0.09010894491924996,-6.645061572424035,0.6541598341925582,83.21207699841115,0.012780955005658345,0.0619042408807008,0.01175768395694965,0.06936036055795505,0.0,448606
51,51,0.09012366903098595,-6.617130171120531,0.6541248348020845,85.94157471413395,0.013072890322986475,0.059274162351892534,0.011228506776403802,0.06515715244758166,0.0,448606
52,52,0.09012764796709687,-6.59261582259921,0.6540814823020673,86.64252430054292,0.013171156890660674,0.057134211345216394,0.010771051168692813,0.06115816001864846,0.0,448606
53,53,0.09012374636030096,-6.571861599814233,0.6540370424038705,85.02913061678446,0.013143112760230724,0.05524997405642885,0.01044022326076638,0.056925238580113335,0.0,448606
54,54,0.09011598598381368,-6.5550696224335,0.6539956625985437,82.90917098412957,0.01295532315516068,0.053392622909733574,0.010176394907987718,0.0529730012167593,0.0,448606
55,55,0.09010822102858328,-6.5422803824830735,0.6539630410119054,85.0349913316747,0.012646043879938562,0.05105968199330677,0.009866889555693648,0.04907243188734825,0.0,448606
56,56,0.09010099156678626,-6.533193241113637,0.6539416765160233,87.0110006697048,0.012325883187843889,0.048494533905218684,0.009622170194957091,0.0456942007335088,0.0,448606
57,57,0.09009364946602343,-6.527101562590281,0.6539297519139521,87.77142626177582,0.011970305531417758,0.046918802504426024,0.00943450518756439,0.043944165231181886,0.0,448606
58,58,0.0900879134119268,-6.523112911794026,0.6539264140226277,89.51168885042081,0.011485338723223326,0.04619388322268581,0.009295989332334997,0.043125210020459964,0.0,448606
59,59,0.09008384805042371,-6.5205787395786885,0.6539330073189725,92.34263203956041,0.011006932940226033,0.045607125522426566,0.009169390704281521,0.04267340453213744,0.0,448606
60,60,0.09008214762481913,-6.5192679939344895,0.6539514481434026,95.71012173725373,0.010491086876059819,0.0452860894028183,0.009118488820660131,0.042603300278187456,0.0,448606
